,Year,Afghanistan,Albania,Algeria,American Samoa,Andorra,Angola,Antigua and Barbuda,Argentina,Armenia,Aruba,Australia,Austria,Azerbaijan,"Bahamas, The",Bahrain,Bangladesh,Barbados,Belarus,Belgium,Belize,Benin,Bermuda,Bhutan,Bolivia,Bosnia and Herzegovina,Botswana,Brazil,British Virgin Islands,Brunei Darussalam,Bulgaria,Burkina Faso,Burundi,Cabo Verde,Cambodia,Cameroon,Canada,Cayman Islands,Central African Republic,Chad,Channel Islands,Chile,China,Colombia,Comoros,"Congo, Dem. Rep.","Congo, Rep.",Costa Rica,Cote d'Ivoire,Croatia,Cuba,Curacao,Cyprus,Czech Republic,Denmark,Djibouti,Dominica,Dominican Republic,Ecuador,"Egypt, Arab Rep.",El Salvador,Equatorial Guinea,Eritrea,Estonia,Eswatini,Ethiopia,Faroe Islands,Fiji,Finland,France,French Polynesia,Gabon,"Gambia, The",Georgia,Germany,Ghana,Gibraltar,Greece,Grenada,Guam,Guatemala,Guinea,Guinea-Bissau,Guyana,Haiti,Honduras,"Hong Kong SAR, China",Hungary,Iceland,India,Indonesia,"Iran, Islamic Rep.",Iraq,Ireland,Isle of Man,Israel,Italy,Jamaica,Japan,Jordan,Kazakhstan,Kenya,Kiribati,"Korea, Dem. Peopleâ€™s Rep.","Korea, Rep.",Kyrgyz Republic,Lao PDR,Latvia,Lebanon,Lesotho,Liberia,Libya,Liechtenstein,Lithuania,"Macao SAR, China",Madagascar,Malawi,Malaysia,Maldives,Mali,Malta,Mauritania,Mauritius,Mexico,Moldova,Monaco,Mongolia,Montenegro,Morocco,Mozambique,Myanmar,Namibia,Nauru,Nepal,Netherlands,New Caledonia,New Zealand,Nicaragua,Niger,Nigeria,North Macedonia,Norway,Oman,Pakistan,Panama,Papua New Guinea,Paraguay,Peru,Philippines,Poland,Portugal,Puerto Rico,Qatar,Romania,Russian Federation,Rwanda,Samoa,San Marino,Sao Tome and Principe,Saudi Arabia,Senegal,Seychelles,Sierra Leone,Singapore,Slovak Republic,Slovenia,Solomon Islands,Somalia,South Africa,Spain,Sri Lanka,St. Kitts and Nevis,St. Lucia,St. Martin (French part),St. Vincent and the Grenadines,Suriname,Sweden,Switzerland,Syrian Arab Republic,Tajikistan,Tanzania,Thailand,Timor-Leste,Togo,Tonga,Trinidad and Tobago,Tunisia,Turkey,Turkmenistan,Turks and Caicos Islands,Tuvalu,Uganda,Ukraine,United Arab Emirates,United Kingdom,United States,Uruguay,Uzbekistan,Vanuatu,"Venezuela, RB",Vietnam,Virgin Islands (U.S.),"Yemen, Rep.",Zambia,Zimbabwe,Caribbean small states
1,1960,14,61,5,103,31,4,125,8,68,308,1,86,48,12,243,379,539,41,280,4,22,843,5,3,64,1,9,54,16,72,18,111,51,33,11,2,33,2,2,558,11,70,15,104,7,3,27,11,75,68,284,62,124,109,4,81,71,17,27,137,9,10,29,20,21,25,22,15,86,22,2,37,65,210,30,2381,65,269,126,40,14,22,3,143,19,3106,111,2,155,50,14,17,41,85,101,172,152,259,11,4,15,52,97,267,12,9,35,182,28,12,1,106,45,8523,9,40,26,308,4,1016,1,335,20,73,11252,1,37,28,9,34,1,232,72,345,4,9,15,3,51,59,10,2,60,16,5,5,8,91,98,98,271,4,81,7,122,40,264,67,2,17,93,33,2541,87,79,4,4,14,62,161,146,149,73,211,2,18,137,26,15,12,55,32,29,88,169,27,37,4,6,178,35,75,1,218,20,15,21,5,10,103,98,10,4,10,11
2,1961,14,61,5,103,31,4,125,8,68,308,1,86,48,12,243,379,539,41,280,4,22,843,5,3,64,1,9,54,16,72,18,111,51,33,11,2,33,2,2,558,11,70,15,104,7,3,27,11,75,68,284,62,124,109,4,81,71,17,27,137,9,10,29,20,21,25,22,15,86,22,2,37,65,210,30,2381,65,269,126,40,14,22,3,143,19,3106,111,2,155,50,14,17,41,85,101,172,152,259,11,4,15,52,97,267,12,9,35,182,28,12,1,106,45,8523,9,40,26,308,4,1016,1,335,20,73,11252,1,37,28,9,34,1,232,72,345,4,9,15,3,51,59,10,2,60,16,5,5,8,91,98,98,271,4,81,7,122,40,264,67,2,17,93,33,2541,87,79,4,4,14,62,161,146,149,73,211,2,18,137,26,15,12,55,32,29,88,169,27,37,4,6,178,35,75,1,218,20,15,21,5,10,103,98,10,4,10,11
3,1962,14,62,5,106,33,4,127,8,71,312,1,86,50,12,251,390,541,41,281,4,22,863,5,4,65,1,9,55,17,72,18,113,52,34,11,2,34,2,2,563,11,71,15,106,7,3,28,12,75,69,289,63,125,110,4,83,73,17,28,141,9,10,29,20,21,25,23,15,87,23,2,38,66,212,31,2431,66,272,129,41,15,22,3,146,19,3240,112,2,158,51,14,18,41,85,106,173,155,261,11,4,15,53,99,275,12,10,35,188,29,12,1,108,46,8809,9,41,26,316,4,1012,1,345,21,75,11366,1,37,29,10,35,1,247,73,350,5,9,16,3,52,60,10,2,61,16,5,5,8,94,99,98,276,5,81,7,124,41,271,67,2,18,96,33,2612,88,80,4,5,15,62,165,146,151,75,213,2,18,141,27,16,12,57,33,30,92,171,28,37,4,6,178,36,76,2,220,20,15,21,6,10,107,100,10,4,10,11
4,1963,15,64,5,110,35,5,129,8,73,315,1,87,52,13,258,401,543,42,283,4,23,883,5,4,67,1,9,57,18,73,18,115,54,35,12,2,34,3,3,569,12,72,16,108,7,3,29,12,76,71,295,63,125,111,4,84,75,18,29,145,9,11,30,21,22,26,24,15,89,24,2,38,67,214,32,2489,66,275,132,42,15,23,3,149,20,3354,112,2,161,52,15,18,41,86,110,174,157,264,12,4,16,55,100,283,13,10,36,194,29,12,1,111,46,9212,9,42,27,325,4,1008,1,354,21,76,11430,1,38,30,10,35,1,264,74,354,5,10,16,3,53,61,10,2,63,17,5,5,9,97,100,99,282,5,82,8,126,42,278,67,2,18,98,34,2679,89,80,5,5,15,63,169,144,153,77,216,2,19,144,27,17,12,59,34,30,96,174,28,38,4,6,178,37,76,2,222,21,15,22,6,10,110,114,11,5,11,11
5,1964,15,66,5,114,37,5,131,8,75,317,1,87,54,13,265,413,546,42,286,5,23,906,5,4,68,1,10,58,19,74,19,118,55,36,12,2,35,3,3,575,12,74,16,109,7,3,30,13,76,73,300,63,126,111,5,85,78,18,30,149,10,11,30,21,22,26,25,15,90,25,2,39,68,216,33,2548,66,277,135,43,15,23,3,152,20,3436,112,2,164,54,15,19,42,87,114,176,160,267,12,4,16,56,102,290,13,10,36,200,30,13,1,114,47,9678,10,43,28,334,5,1004,1,363,22,78,11463,1,39,31,10,36,1,280,75,359,5,10,17,3,54,62,10,2,64,17,5,5,9,100,102,99,288,6,82,8,128,44,285,67,2,19,101,34,2749,90,81,5,5,16,63,173,143,155,79,218,2,19,146,28,17,13,60,34,31,100,176,29,39,4,6,179,39,77,2,223,21,15,23,6,11,113,117,11,5,11,11
6,1965,15,68,5,118,39,5,133,8,78,319,1,88,55,14,272,425,547,42,288,5,23,928,5,4,69,1,10,59,19,74,19,120,57,37,12,2,35,3,3,581,12,76,17,111,8,3,31,13,77,74,305,63,127,112,5,87,80,19,31,154,10,11,31,22,23,26,25,15,91,26,2,40,69,218,34,2607,66,278,139,45,15,23,3,155,21,3527,113,2,168,55,15,19,42,88,118,177,162,270,13,4,17,57,104,298,13,10,36,205,30,13,1,117,47,10161,10,44,29,342,5,996,1,371,23,79,11486,1,39,32,10,37,1,293,77,364,5,10,17,3,55,63,10,2,66,18,5,5,9,104,103,98,292,6,83,8,131,45,292,68,2,19,103,35,2816,91,82,5,5,16,64,177,141,158,82,221,2,19,148,29,18,13,62,35,31,103,178,29,40,4,6,180,40,78,2,225,21,15,24,6,11,116,124,11,5,12,11
7,1966,16,70,5,122,42,5,136,8,80,321,2,89,57,15,278,439,549,43,290,5,24,944,6,4,70,1,10,60,20,75,19,123,59,37,13,2,35,3,3,587,12,78,17,114,8,3,32,14,77,76,308,63,127,113,5,88,83,20,31,158,10,12,31,22,23,27,26,15,92,26,2,41,69,219,35,2663,67,279,142,46,16,23,3,158,22,3559,113,2,171,57,16,20,42,90,121,179,164,272,14,4,17,59,107,305,14,11,37,209,31,13,1,120,48,10660,10,45,30,350,5,985,1,379,23,80,11497,1,39,33,10,38,1,303,78,369,5,10,18,3,56,64,10,2,68,18,6,6,9,107,103,98,296,7,83,8,135,46,299,69,2,20,106,35,2887,92,83,5,5,16,65,181,138,160,86,223,2,19,150,30,18,14,64,36,33,107,179,30,41,4,6,181,41,79,2,226,21,16,25,6,11,120,132,11,5,12,11
8,1967,16,72,6,126,44,5,139,8,82,323,2,89,58,15,284,454,550,43,292,5,24,963,6,4,71,1,11,61,21,75,20,127,61,38,13,2,36,3,3,593,13,80,18,116,8,4,33,14,78,77,311,64,128,114,6,90,85,20,32,162,10,12,31,23,24,27,27,15,93,27,2,42,70,220,36,2717,67,279,145,47,16,24,3,161,22,3650,114,2,175,58,16,20,42,91,127,180,167,275,16,5,18,60,110,312,14,11,37,213,32,14,1,123,49,11171,10,46,31,358,5,974,1,386,24,82,11491,1,39,34,11,39,1,311,80,373,5,10,18,3,57,65,10,2,70,19,6,6,10,110,104,97,298,7,85,8,139,47,305,71,2,20,109,36,2952,93,84,5,5,17,65,186,135,163,90,225,2,19,152,31,19,14,66,36,34,110,180,31,42,4,6,184,43,80,2,227,22,16,26,6,12,123,140,11,5,12,12
9,1968,16,74,6,130,47,5,142,8,84,324,2,90,60,16,291,468,552,44,293,5,25,981,6,4,72,1,11,63,22,76,20,130,64,38,13,2,36,3,3,600,13,82,18,119,8,4,34,15,78,78,316,65,128,115,6,92,88,21,33,167,11,12,31,24,24,27,27,15,93,28,2,43,71,221,37,2768,68,279,149,48,16,24,3,164,23,3728,114,2,179,60,17,21,42,93,130,181,169,276,17,5,19,61,113,320,15,11,37,216,32,14,1,126,49,11650,11,47,31,366,5,962,1,393,25,83,11497,1,38,34,11,40,1,317,81,377,5,10,19,3,59,66,10,2,71,19,6,6,10,113,105,97,300,8,86,8,143,49,311,73,3,21,111,37,3003,93,85,5,5,17,66,190,133,166,95,227,2,19,154,32,20,14,68,37,36,113,181,31,43,4,6,187,44,80,3,228,22,16,27,7,12,127,159,11,5,13,12
10,1969,17,76,6,134,49,5,144,9,87,326,2,90,61,16,299,482,553,44,294,5,25,1000,6,4,73,1,11,64,23,76,20,133,65,39,13,2,37,3,3,606,13,84,19,121,9,4,35,15,79,80,321,66,128,115,6,94,91,21,34,172,11,13,32,24,25,28,28,15,94,29,2,45,71,223,37,2817,68,279,152,50,17,25,4,167,24,3788,114,2,183,62,17,22,43,95,133,182,171,281,18,5,19,62,116,327,15,11,38,220,33,14,1,130,50,12042,11,49,32,375,5,951,1,400,26,84,11518,1,38,35,11,41,1,322,83,381,6,11,19,3,60,67,11,2,73,20,6,6,10,117,106,96,303,9,87,8,148,50,316,76,3,21,114,37,3049,94,85,6,5,18,67,195,130,168,100,230,2,19,155,33,20,15,70,38,37,115,183,32,44,5,6,189,46,81,3,229,22,16,27,7,13,130,172,12,5,13,12
11,1970,17,78,6,137,52,5,146,9,89,328,2,90,62,17,308,493,556,45,294,5,26,1019,6,4,73,1,11,66,25,77,21,135,67,40,14,2,38,3,3,612,13,87,19,124,9,4,36,16,79,81,326,66,128,116,7,95,93,22,35,176,11,13,32,25,26,28,28,15,95,30,2,46,72,224,38,2861,68,278,155,51,17,25,4,170,24,3881,115,2,187,63,18,23,43,97,137,183,173,285,20,5,20,63,120,334,15,12,38,225,34,15,1,133,50,12310,11,50,33,386,5,946,1,407,26,85,11586,1,38,36,11,42,1,328,84,386,6,11,20,4,61,68,11,2,75,20,6,6,11,120,107,95,306,9,88,8,152,51,320,78,3,22,117,38,3096,94,86,6,5,18,68,199,128,171,105,232,2,20,156,35,21,15,72,38,39,117,184,33,45,5,6,191,47,81,3,230,22,16,28,7,13,133,181,12,6,14,12
12,1971,18,80,6,140,54,5,146,9,91,330,2,91,64,17,319,503,558,45,295,5,26,1011,7,4,74,1,12,67,26,77,21,137,67,40,14,2,40,3,3,618,13,89,20,126,9,4,37,17,79,83,332,67,127,117,7,95,96,23,35,181,11,13,32,26,27,28,29,15,96,31,2,47,73,224,39,2901,69,277,159,52,17,26,4,173,25,3966,115,2,191,65,18,23,43,99,142,184,176,288,21,5,21,64,123,341,16,12,38,230,35,15,1,136,51,12437,12,51,34,398,5,946,1,413,27,86,11703,1,38,37,12,43,1,334,86,391,7,11,21,4,63,68,11,2,77,21,6,6,11,124,107,94,311,10,89,8,157,51,323,80,3,23,119,39,3154,95,86,6,6,19,68,203,127,173,109,235,2,20,157,36,22,16,74,39,40,119,186,33,46,5,6,192,48,82,4,231,23,16,29,7,13,137,203,12,6,14,12
13,1972,18,82,6,143,57,5,146,9,93,332,2,91,65,18,332,512,562,45,296,6,27,1004,7,4,75,1,12,68,27,78,21,139,67,41,15,2,42,3,3,624,14,91,20,129,9,4,38,18,80,84,333,68,128,118,8,96,98,23,36,185,10,14,33,27,27,29,30,15,96,32,2,49,74,225,41,2936,69,276,162,53,17,26,4,176,26,4043,116,2,195,67,18,24,44,100,145,185,179,292,21,5,21,65,126,347,16,12,39,236,35,15,1,138,51,12438,12,53,34,411,5,945,1,420,28,88,11865,1,39,37,12,44,1,340,88,395,7,11,21,4,64,69,11,3,80,22,6,7,11,127,108,94,318,11,90,8,162,52,325,81,3,23,122,40,3213,96,87,6,6,19,69,207,127,174,113,237,2,20,158,37,22,16,76,40,41,120,189,34,48,5,6,193,50,82,5,232,23,16,30,7,14,140,218,12,6,15,12
14,1973,19,84,7,146,60,5,145,9,95,335,2,92,66,18,347,520,565,46,297,6,28,996,7,4,76,1,12,69,28,78,22,140,67,42,15,3,45,3,3,630,14,94,21,131,10,4,39,18,80,85,331,69,128,119,8,96,101,24,37,190,10,14,33,27,28,29,30,15,97,34,2,50,74,226,42,2965,69,275,166,55,18,27,4,178,27,4158,116,2,200,69,19,25,45,102,151,186,182,295,22,5,22,66,130,354,16,13,39,243,36,16,1,141,52,12347,12,54,35,426,5,944,1,426,29,89,12057,1,39,38,12,45,1,346,90,398,7,11,22,4,66,70,11,3,82,22,7,7,11,131,109,94,325,12,90,8,166,53,326,83,3,24,124,40,3273,96,88,6,6,20,70,211,127,176,117,240,2,20,160,38,23,17,79,41,42,121,191,35,49,5,7,194,51,83,6,232,23,16,31,8,14,143,240,12,6,15,13
15,1974,19,86,7,148,63,5,143,9,97,336,2,92,67,18,365,528,569,46,298,6,28,989,7,5,77,1,13,70,29,78,22,142,67,43,15,3,48,3,3,635,14,96,21,134,10,4,40,19,80,87,334,70,129,119,9,96,104,25,38,195,9,14,33,28,29,29,31,15,98,35,2,52,75,226,43,2989,70,274,169,56,18,27,4,182,27,4292,116,2,205,70,20,26,46,103,156,187,185,300,23,5,23,67,132,360,17,13,39,248,37,16,1,144,52,12214,13,56,36,440,5,944,1,433,30,90,12253,1,40,39,13,46,1,353,92,401,7,11,23,4,68,70,11,3,84,23,7,7,12,135,110,96,331,13,91,8,172,53,328,85,3,25,126,41,3328,97,88,7,6,20,71,215,127,178,121,243,2,20,160,40,24,17,81,42,43,122,194,36,50,5,7,197,52,84,7,232,23,16,32,8,15,146,257,13,6,16,13
16,1975,19,88,7,150,65,6,142,9,99,337,2,92,68,19,386,538,572,46,299,6,29,981,7,5,78,1,13,71,31,79,22,144,67,43,16,3,51,3,3,638,14,97,22,138,10,4,41,20,81,88,336,70,130,119,10,96,106,25,39,199,9,15,34,29,30,30,32,15,98,36,3,53,75,225,44,3007,70,272,173,57,18,27,4,185,28,4417,117,2,210,72,20,27,46,104,160,189,187,305,23,5,24,68,135,366,17,13,39,252,38,17,2,146,53,12081,13,57,37,455,5,951,1,439,31,91,12431,1,41,40,13,47,1,359,94,405,7,12,23,4,70,71,11,3,87,23,7,7,12,138,111,99,338,14,92,8,177,53,331,87,3,26,129,42,3377,99,89,7,6,21,72,219,126,180,126,245,2,20,160,41,24,18,83,42,44,123,197,36,51,5,7,202,54,84,8,232,24,16,33,8,15,150,270,13,7,16,13
17,1976,20,90,7,152,68,6,142,10,101,337,2,92,69,19,411,550,576,46,299,6,30,985,8,5,79,1,13,72,32,79,23,147,67,42,16,3,54,3,3,641,14,99,22,143,10,5,42,21,81,89,336,71,131,120,11,97,109,26,40,205,9,15,34,30,30,30,32,16,99,37,3,55,76,224,45,3018,71,269,177,59,19,27,4,188,29,4473,118,2,214,74,21,28,47,106,163,189,190,308,24,5,25,69,137,372,18,13,40,254,39,17,2,150,53,11954,13,59,38,469,5,956,1,447,32,92,12592,1,41,41,13,48,1,364,96,408,7,12,24,4,72,72,11,3,89,24,7,7,12,142,112,102,343,15,94,8,183,54,335,89,4,26,132,43,3423,100,90,7,7,21,72,223,126,182,133,248,2,20,159,42,25,19,85,42,45,124,200,37,52,6,7,211,55,85,9,232,24,16,33,8,15,153,275,13,7,17,13
18,1977,20,92,7,154,70,6,141,10,103,335,2,92,70,20,439,564,579,47,300,6,30,989,8,5,79,1,13,73,33,80,23,150,68,41,17,3,58,3,3,642,15,100,23,148,11,5,43,22,82,90,337,72,132,120,12,98,112,27,41,209,9,16,34,31,30,30,33,16,99,38,3,57,76,224,46,3023,72,265,181,60,19,27,4,192,30,4584,118,2,219,76,21,28,48,108,167,190,192,311,25,5,26,70,139,377,18,14,40,254,40,18,2,153,54,11834,14,61,39,482,6,959,1,454,32,93,12733,1,41,42,14,49,1,370,98,410,7,12,25,4,74,73,11,3,92,25,7,7,13,146,113,103,348,16,94,8,189,54,340,92,4,27,134,44,3471,101,91,7,8,22,73,228,126,185,142,251,2,20,159,44,26,19,87,42,46,125,203,38,53,6,8,222,57,85,10,232,24,16,34,9,16,156,266,14,7,17,13
19,1978,20,94,8,156,72,6,141,10,105,334,2,92,72,20,469,580,582,47,300,6,31,993,8,5,80,1,14,74,34,80,24,154,69,39,17,3,61,3,3,643,15,101,23,154,11,5,44,23,82,91,334,73,133,120,13,99,115,27,41,214,9,16,34,32,31,30,33,16,100,39,3,59,77,224,47,3023,73,262,184,61,19,27,4,196,31,4668,119,2,225,78,22,29,48,109,171,191,194,314,25,5,27,71,141,383,18,14,40,254,42,18,2,156,54,11759,14,63,40,496,6,969,1,460,33,93,12870,1,42,43,14,50,1,375,100,413,8,12,26,4,76,74,11,3,95,25,7,8,13,150,114,104,353,17,95,8,195,54,346,95,4,28,135,45,3513,102,92,8,9,22,74,232,125,188,151,253,2,20,159,45,26,20,89,41,47,127,205,39,55,6,8,234,59,85,12,232,24,16,35,9,16,160,274,14,7,18,13
20,1979,21,96,8,159,74,6,141,10,107,333,2,91,73,21,497,596,585,47,300,6,32,996,8,5,81,2,14,75,36,80,24,158,69,38,18,3,64,3,4,645,15,103,24,160,11,5,46,24,82,91,333,74,133,121,14,100,117,28,42,218,9,17,35,33,31,31,34,16,100,41,3,61,78,224,47,3017,74,261,189,63,19,28,4,200,32,4930,119,2,230,79,23,30,49,111,175,191,197,316,26,5,28,72,143,389,19,14,40,253,43,19,2,159,54,11772,15,64,41,511,6,979,1,468,34,94,13021,1,42,44,14,51,1,381,103,416,8,12,26,5,78,75,11,4,98,26,8,8,13,155,115,106,357,18,96,8,202,55,352,97,4,28,136,46,3557,103,93,8,9,23,74,236,124,190,157,256,2,20,159,47,27,20,91,41,49,128,208,40,56,6,8,245,60,86,13,232,25,17,36,9,17,163,275,15,8,19,13
21,1980,20,98,8,163,77,7,141,10,109,334,2,91,74,21,522,612,587,48,300,6,33,1012,9,5,82,2,14,77,37,80,25,162,70,38,18,3,68,4,4,648,15,104,24,165,12,5,47,25,82,92,333,74,133,121,15,100,120,29,44,222,9,17,35,34,32,31,35,16,101,42,3,63,78,224,49,3006,75,262,193,64,20,28,4,205,33,5063,119,2,235,81,24,31,50,111,179,192,200,319,27,5,29,73,145,395,19,14,40,253,44,19,2,162,54,11904,15,66,42,528,6,990,1,476,35,95,13194,1,43,45,15,52,1,387,105,419,8,12,27,5,81,76,11,4,101,27,8,8,14,159,116,107,361,19,96,8,209,55,358,100,5,29,138,47,3603,104,94,8,10,24,75,240,166,193,161,258,2,20,160,49,28,21,93,40,50,129,211,41,57,6,8,255,62,86,14,233,25,17,37,9,17,167,285,15,8,19,14
22,1981,20,99,8,169,80,7,140,10,111,336,2,92,75,22,542,628,589,48,300,6,34,1019,9,5,82,2,15,79,38,80,26,166,72,38,19,3,70,4,4,651,16,105,25,171,12,5,48,26,82,92,335,75,133,121,16,100,123,30,45,225,9,18,35,35,33,31,36,16,101,43,3,65,79,225,50,2990,75,266,197,66,20,28,4,209,34,5183,119,2,241,83,25,32,50,112,183,192,203,321,28,6,30,74,147,401,19,14,41,254,45,20,2,164,55,12169,15,68,43,546,6,997,2,483,36,96,13400,1,43,46,15,54,1,394,107,422,8,12,28,5,83,76,11,4,105,27,8,8,14,163,117,108,366,21,97,9,216,55,363,102,5,30,139,48,3780,104,95,9,10,24,76,244,165,196,160,260,2,20,161,50,29,22,95,41,52,130,215,42,58,6,9,261,64,87,15,233,25,17,38,10,18,171,285,16,8,20,14
23,1982,20,102,9,175,83,7,140,11,112,341,2,92,76,22,559,645,591,48,300,7,35,1027,9,5,83,2,15,82,39,81,26,171,73,39,19,3,73,4,4,656,16,107,25,176,12,6,49,28,83,93,338,75,133,121,17,100,126,30,46,229,10,18,35,37,34,32,37,16,102,44,3,67,79,224,51,2969,76,274,202,68,21,29,4,214,35,5318,119,2,246,85,26,33,51,112,186,192,206,323,29,6,31,75,150,408,20,15,41,255,47,21,2,166,55,12558,16,70,44,566,6,1018,2,489,37,97,13630,1,44,47,16,55,1,401,110,424,8,12,29,5,85,77,11,4,108,28,8,8,14,168,118,108,369,24,98,9,223,56,367,104,5,31,140,49,3950,105,95,9,11,25,76,247,164,198,154,262,2,20,162,52,30,22,96,41,54,130,218,43,60,6,9,265,66,87,16,233,25,17,39,10,18,175,286,16,8,21,14
24,1983,19,104,9,182,87,7,140,11,114,346,2,92,78,22,575,662,593,49,300,7,36,1036,9,5,84,2,15,85,40,81,27,175,74,41,20,3,75,4,4,662,16,109,26,181,13,6,51,29,83,93,340,75,134,121,17,99,128,31,47,232,11,19,36,38,35,32,38,16,102,46,3,69,80,224,53,2948,76,282,206,70,21,30,4,220,36,5399,119,2,252,87,27,34,51,112,190,192,210,326,30,6,32,76,152,414,20,15,41,256,48,21,2,167,56,13047,16,71,45,587,6,1033,2,493,37,98,13861,1,44,48,16,56,1,409,113,426,8,12,29,5,87,77,11,4,112,29,9,9,15,172,119,109,373,27,98,9,231,56,372,105,5,32,140,50,4002,106,95,9,11,26,76,251,163,201,152,264,2,20,162,54,30,23,98,42,56,130,222,45,61,7,10,268,68,87,17,233,26,17,40,10,19,179,287,17,9,21,14
25,1984,19,106,9,190,91,8,140,11,115,349,2,92,79,23,590,679,594,49,300,7,37,1045,10,6,85,2,16,89,41,81,28,180,76,42,21,3,78,4,4,669,16,110,26,186,13,6,52,30,84,93,342,76,134,121,18,98,131,32,48,235,12,19,36,39,36,32,38,16,103,47,3,72,81,223,55,2928,77,290,211,72,22,30,4,225,37,5452,119,2,258,89,28,35,51,112,192,192,213,329,32,6,34,77,154,419,20,16,41,258,49,22,2,169,56,13596,17,74,46,610,6,1033,2,499,38,99,14065,1,45,49,16,57,1,416,115,427,8,12,30,5,89,78,11,5,116,29,9,9,15,177,120,109,377,29,98,9,239,56,376,107,6,33,141,51,4078,107,96,9,11,26,77,254,162,204,167,266,2,20,163,56,31,24,100,43,58,130,225,46,63,7,10,270,70,88,18,233,26,17,41,10,19,183,287,17,9,22,14
26,1985,18,108,9,198,95,8,140,11,117,350,2,92,80,23,608,697,596,49,300,7,38,1054,10,6,86,2,16,93,43,81,28,185,77,44,21,3,81,4,4,676,16,112,27,191,13,6,54,31,84,94,344,76,134,121,18,98,134,33,49,238,13,20,36,41,37,32,39,16,103,48,3,75,82,223,56,2915,77,294,216,74,22,31,4,230,38,5511,118,2,264,91,29,36,51,113,196,192,216,331,33,6,35,79,157,423,21,16,41,259,50,22,2,171,57,14175,17,77,47,632,6,1051,2,503,39,100,14224,1,45,50,16,58,1,425,118,429,8,12,31,5,92,78,11,5,120,30,9,9,15,182,121,110,381,32,99,9,249,57,380,109,6,34,142,53,4084,107,96,10,11,27,77,258,161,207,203,268,2,20,164,58,32,24,102,44,60,130,228,47,64,7,10,274,73,88,19,234,26,17,42,11,20,187,288,18,9,23,14
27,1986,18,110,10,206,99,8,140,11,119,348,2,92,81,24,628,716,598,50,300,7,39,1063,10,6,87,2,17,98,44,81,29,190,79,45,22,3,85,4,4,683,17,113,28,197,14,6,55,32,84,95,344,77,134,121,20,97,137,34,51,241,13,20,36,42,38,33,39,16,104,50,3,78,82,223,58,2909,77,295,221,76,23,32,4,235,39,5580,118,2,270,93,30,36,51,114,199,192,218,333,34,6,36,81,159,427,21,16,42,260,51,22,2,172,57,14780,18,81,49,654,7,1069,2,507,40,101,14327,1,45,51,16,59,2,434,121,432,9,12,32,6,94,78,11,5,124,31,9,10,16,187,122,110,384,34,99,9,261,57,384,112,6,35,143,54,4080,108,98,10,11,28,77,262,160,211,268,270,2,20,165,60,33,25,104,45,62,131,231,48,65,7,11,278,75,88,20,234,26,17,44,11,20,191,288,19,10,24,14
28,1987,18,113,10,214,103,9,140,11,121,344,2,92,83,24,651,735,600,50,301,8,40,1071,11,6,87,2,17,103,45,81,30,196,80,46,23,3,90,4,4,691,17,115,28,202,14,6,56,34,85,96,341,78,134,121,21,96,139,34,52,245,14,21,37,44,39,33,40,16,105,51,3,82,83,223,60,2912,78,292,226,78,24,32,4,240,41,5637,118,2,276,95,31,37,51,117,202,192,219,335,35,6,38,83,161,431,22,17,42,261,53,22,2,174,58,15409,18,86,50,677,7,1077,2,510,41,102,14390,1,45,53,16,60,2,443,123,434,9,12,32,6,97,78,11,5,127,31,9,10,16,192,123,110,388,36,100,9,275,57,388,115,7,36,149,56,4141,109,99,10,11,28,77,265,158,215,354,272,2,20,166,62,35,26,106,46,64,131,233,50,66,7,11,283,78,89,22,235,26,17,45,11,21,196,288,20,10,25,15
29,1988,18,115,10,222,107,9,140,12,123,339,2,92,84,25,674,754,602,50,302,8,41,1080,11,6,88,2,17,108,46,81,31,201,81,48,23,3,95,4,4,698,17,117,29,208,14,7,58,35,85,97,336,80,134,121,23,95,142,35,54,248,14,22,37,45,41,34,40,16,105,52,3,86,84,224,61,2916,78,289,231,80,24,33,4,245,42,5684,118,2,282,97,33,38,51,119,205,193,221,336,37,6,39,85,164,436,22,17,43,262,54,22,2,176,58,16039,19,92,52,699,7,1085,2,514,42,102,14420,1,45,54,16,61,2,453,126,437,9,12,33,6,99,78,12,5,132,32,10,10,17,197,123,110,392,38,100,9,287,57,393,118,7,37,149,58,4248,109,99,11,11,29,78,269,156,219,448,273,2,21,167,64,36,27,107,47,66,131,235,51,68,7,12,288,81,89,23,235,27,18,46,11,21,200,288,20,10,25,15
30,1989,18,118,11,229,112,9,141,12,124,339,2,92,86,25,697,774,605,50,303,8,43,1090,11,6,88,2,18,112,48,80,31,207,82,49,24,3,100,4,5,705,18,119,29,215,15,7,60,36,85,98,331,81,134,121,24,94,145,36,55,251,14,22,37,46,42,34,40,16,106,53,4,90,84,226,63,2919,78,285,236,82,25,34,4,250,43,5744,117,3,288,98,34,39,51,122,209,193,222,338,39,6,40,87,166,440,22,18,43,267,55,22,2,178,59,16639,19,96,53,722,7,1096,2,518,42,103,14457,1,45,55,16,62,2,464,129,440,9,13,34,6,102,79,12,6,136,33,10,10,17,202,124,109,395,40,101,9,295,57,397,121,7,38,150,59,4374,110,99,11,11,30,78,273,155,223,528,275,3,21,168,66,37,28,109,48,68,132,236,52,69,8,12,293,84,89,24,236,27,18,47,12,22,204,289,21,11,26,15
31,1990,19,120,11,237,116,10,142,12,124,345,2,93,86,26,719,793,607,50,304,8,44,1099,11,6,87,2,18,117,49,79,32,212,84,51,25,3,105,5,5,710,18,120,30,221,15,7,61,37,85,99,327,83,134,121,25,94,148,37,56,254,15,22,37,48,43,34,40,16,106,55,4,94,84,228,65,2915,79,283,242,84,26,35,4,255,44,5762,115,3,294,100,35,40,51,123,215,193,223,339,40,6,42,89,169,444,23,18,43,274,56,22,3,180,59,17190,20,100,55,744,7,1107,2,522,43,103,14523,1,45,56,17,63,2,475,132,443,9,13,35,6,105,78,12,6,140,33,10,11,17,208,124,109,399,41,101,9,295,58,402,124,8,39,151,60,4548,110,99,11,12,30,78,276,155,226,579,276,3,21,170,68,38,28,111,50,69,132,238,53,70,8,13,297,87,90,26,237,27,18,48,12,22,209,297,22,11,27,15
32,1991,20,119,11,243,121,10,144,12,123,359,2,94,87,26,739,811,609,50,305,8,46,1093,11,6,85,2,18,120,51,78,33,217,86,53,26,3,111,5,5,714,18,122,30,228,16,7,63,39,84,99,325,85,133,122,26,94,150,38,58,258,15,22,37,49,45,34,40,16,107,56,4,98,85,229,67,2902,80,284,247,87,27,35,4,260,46,5810,115,3,300,102,35,41,51,124,229,193,225,340,43,6,43,91,171,449,23,19,43,286,57,21,3,182,59,17681,21,102,56,766,7,1137,2,527,44,104,14614,1,45,57,17,64,2,488,136,446,10,13,35,7,107,78,12,6,144,34,10,11,18,213,125,109,402,42,100,9,287,58,408,127,8,40,153,60,4679,110,99,11,12,31,78,280,155,230,596,276,3,21,172,70,39,29,112,51,71,132,240,54,71,8,13,301,90,90,27,237,28,18,49,12,23,213,299,23,11,28,15
33,1992,22,119,11,249,125,10,147,12,121,379,2,95,89,27,737,830,611,50,306,9,47,1085,11,7,83,2,18,123,52,77,34,221,88,55,26,3,116,5,5,717,18,124,31,235,16,7,64,40,82,100,324,87,134,122,27,94,153,39,59,261,16,22,36,50,47,33,41,17,107,57,4,102,85,231,69,2884,81,286,253,89,27,36,4,266,47,5859,115,3,306,104,36,42,52,125,237,193,227,341,45,6,44,92,174,454,24,19,42,301,59,21,3,185,59,18116,21,103,58,788,7,1149,2,534,45,104,14734,1,45,58,18,65,2,502,139,450,10,13,36,7,110,78,12,6,148,35,11,11,18,218,125,109,404,43,99,9,272,58,414,130,8,42,154,60,4822,110,99,12,12,32,78,283,157,232,585,277,3,21,174,72,39,30,113,53,73,132,241,55,72,8,14,304,93,90,29,238,28,18,50,13,23,218,302,25,11,28,15
34,1993,24,118,12,255,130,10,149,12,118,403,2,96,90,27,755,848,614,50,307,9,49,1091,11,7,80,2,19,125,53,77,35,226,91,56,27,3,121,5,5,719,19,125,32,241,17,7,66,42,82,100,325,89,134,122,27,94,156,40,60,265,16,22,35,52,53,33,41,17,108,58,4,105,86,232,71,2868,81,289,259,91,28,37,4,271,48,5961,115,3,312,105,37,43,52,125,243,193,229,342,48,6,46,93,177,458,24,20,41,317,60,21,3,187,59,18510,22,103,59,809,7,1160,2,541,46,103,14872,1,45,59,18,66,2,514,143,453,10,14,37,7,113,78,12,7,152,35,11,11,18,223,126,109,408,43,99,9,254,59,420,132,8,43,157,60,4945,111,99,12,12,33,79,286,158,235,555,277,3,21,176,74,40,31,114,54,74,133,242,57,74,9,15,306,96,90,31,239,28,18,52,13,24,222,305,26,12,29,15
35,1994,26,117,12,260,133,11,153,13,115,426,2,96,91,28,774,866,616,50,308,9,51,1099,13,7,77,3,19,127,55,76,36,230,93,58,28,3,127,5,5,722,19,126,32,248,18,8,68,43,83,101,326,91,134,123,27,95,159,40,61,268,17,22,35,53,55,33,42,17,108,59,4,108,85,233,73,2860,82,292,264,94,29,38,4,276,50,6096,115,3,318,107,37,45,52,126,249,193,232,343,50,6,47,95,179,463,24,21,41,333,61,21,3,190,58,18890,22,103,61,829,8,1171,2,548,46,103,15015,1,45,60,19,66,2,525,147,456,10,14,38,7,116,78,12,7,156,36,11,12,19,229,126,109,411,44,99,9,241,60,426,135,8,44,161,60,5103,111,99,12,12,33,79,289,160,238,524,277,3,21,177,76,41,33,115,56,76,133,244,58,75,9,16,308,99,90,32,239,29,18,53,13,24,226,307,27,12,29,15
36,1995,28,116,12,266,136,11,156,13,113,446,2,96,92,28,794,885,618,50,309,9,52,1106,13,7,75,3,19,129,56,76,37,233,96,60,29,3,134,5,6,725,19,128,33,255,18,8,69,45,83,101,327,93,134,123,27,95,162,41,63,272,18,22,34,54,57,33,42,17,109,60,4,112,81,234,75,2869,82,295,270,96,30,39,4,281,51,5863,115,3,324,109,38,46,52,127,256,193,234,344,52,6,49,96,182,467,24,21,40,345,63,21,3,193,58,19276,23,104,62,847,8,1179,2,553,47,103,15153,1,45,60,20,67,2,531,151,458,11,14,39,7,119,78,12,7,161,37,11,12,19,234,126,110,415,44,99,9,237,60,432,137,9,45,164,60,5260,111,99,13,12,34,80,291,162,241,502,277,3,22,178,78,41,33,116,57,78,133,244,59,76,9,17,310,102,89,34,240,29,18,54,14,25,230,308,28,12,29,16
37,1996,29,116,12,271,137,12,159,13,111,462,2,96,93,28,815,904,621,50,309,9,54,1114,14,7,74,3,20,130,58,76,38,236,98,62,30,3,142,5,6,729,20,129,33,263,19,8,71,46,81,102,330,95,133,124,28,95,165,42,64,275,18,22,33,55,59,33,43,17,109,61,4,115,79,235,77,2897,82,297,274,98,30,40,4,286,53,6129,115,3,330,110,38,48,53,128,263,193,236,345,54,6,50,97,184,472,24,21,40,353,64,22,3,196,57,19669,24,106,64,864,8,1187,2,559,48,102,15291,1,45,61,20,68,2,534,154,460,11,14,39,8,122,78,12,7,165,38,12,12,19,239,126,110,420,45,99,9,244,60,438,139,9,46,166,60,5479,112,99,13,12,35,80,293,163,244,494,277,3,22,179,80,42,34,118,58,80,134,245,60,77,9,18,311,105,88,36,240,29,19,55,14,25,234,309,29,13,30,16
38,1997,30,115,12,276,137,12,163,13,110,475,2,96,94,29,838,923,624,50,310,10,56,1120,14,7,73,3,20,131,59,75,39,238,100,64,30,3,151,5,6,734,20,131,34,270,19,8,73,48,81,102,331,96,133,125,29,94,167,43,65,277,19,22,33,56,61,33,43,17,110,62,4,119,76,235,79,2941,83,299,278,101,31,40,4,291,54,6180,115,3,337,112,39,49,53,130,270,193,239,346,55,6,52,99,185,476,24,22,39,358,65,24,3,199,57,20068,25,109,66,879,8,1196,2,566,49,102,15432,2,45,62,21,69,2,532,158,462,11,14,40,8,125,79,12,7,170,38,12,13,20,245,126,110,424,46,98,9,260,61,443,141,9,47,168,60,5666,112,99,14,13,35,80,295,165,247,495,277,3,22,179,83,42,35,119,58,82,134,246,60,78,9,18,311,108,87,38,241,30,19,56,14,26,237,310,30,13,30,16
39,1998,30,114,13,281,136,12,166,13,109,485,2,97,95,29,864,942,626,50,311,10,57,1129,14,7,73,3,20,132,61,75,40,241,102,66,31,3,160,6,6,740,20,132,35,277,20,9,74,49,81,103,325,98,133,125,29,94,170,49,67,280,20,22,33,57,63,33,44,17,110,63,5,122,74,235,81,2995,83,300,282,103,32,41,4,297,56,6232,114,3,343,114,39,51,54,131,276,193,241,347,56,6,53,101,187,480,25,22,39,361,66,26,3,202,57,20481,25,112,67,895,8,1204,2,572,49,102,15568,2,45,63,21,70,2,528,161,465,11,14,41,8,128,79,12,7,175,39,12,13,20,250,126,111,426,48,98,9,282,61,447,144,9,49,171,61,5862,112,98,14,13,36,81,296,166,251,504,276,3,22,180,85,43,36,121,58,85,135,246,61,80,9,19,311,112,87,40,242,30,19,57,15,26,240,310,31,13,30,16
40,1999,31,113,13,285,137,13,170,13,109,494,2,97,97,29,897,962,629,49,312,10,59,1135,15,8,73,3,21,134,62,74,41,244,104,67,32,3,168,6,6,745,20,133,35,284,20,9,76,50,81,103,314,100,133,125,30,93,173,50,68,282,21,22,33,58,64,33,44,17,110,65,5,126,73,235,83,3053,83,301,285,106,33,42,4,302,57,6292,114,3,349,115,40,52,55,133,283,194,243,347,57,6,55,102,189,483,25,23,38,366,67,28,3,205,56,20919,26,115,69,912,9,1211,2,579,50,102,15710,2,45,64,22,71,2,522,164,468,11,15,41,9,131,80,12,7,180,40,13,13,20,256,126,112,428,49,98,9,304,61,452,146,9,50,175,62,5909,112,98,14,14,37,81,298,168,254,517,276,3,22,181,87,44,37,122,59,88,135,246,62,81,10,20,312,115,86,42,243,30,19,57,15,27,243,310,32,14,31,16
41,2000,32,113,13,289,139,13,173,13,108,505,2,97,97,30,936,981,631,49,339,11,61,1145,15,8,73,3,21,135,63,74,42,248,106,69,33,3,176,6,7,750,21,134,36,291,21,9,78,52,80,104,301,102,133,126,31,93,175,51,69,284,22,23,33,58,66,33,44,17,111,66,5,130,71,236,85,3108,84,302,288,108,34,43,4,307,59,6348,114,3,355,117,40,54,55,135,291,194,245,348,58,6,56,104,190,487,26,23,38,376,67,30,3,207,56,21389,27,118,71,931,9,1219,3,585,51,102,15859,2,45,65,23,71,2,517,167,472,12,15,42,9,134,80,12,7,185,41,13,13,21,262,125,112,430,51,98,9,322,62,458,148,10,51,176,64,6012,112,99,15,14,37,81,299,170,257,532,276,3,22,182,89,44,38,123,59,91,136,247,62,82,10,21,313,118,85,44,243,31,19,58,15,27,257,310,33,14,31,16
42,2001,33,112,13,292,143,14,175,14,107,516,3,97,98,30,982,999,634,49,340,11,63,1157,15,8,73,3,21,138,65,72,44,254,108,70,34,3,183,6,7,753,21,135,36,299,21,9,79,53,77,104,291,104,132,126,32,93,178,52,70,286,23,24,33,59,68,34,45,17,112,67,5,134,70,236,87,3160,84,304,290,111,34,44,4,312,60,6395,114,3,362,118,41,55,56,136,298,194,247,349,59,6,58,106,192,490,26,23,38,390,67,31,3,210,55,16844,28,121,72,954,9,1228,3,589,52,102,16019,2,45,65,23,72,2,511,170,475,12,15,43,9,138,80,12,7,189,42,13,14,21,267,125,113,431,53,96,9,334,62,464,151,10,52,177,66,6176,112,99,15,15,38,82,302,172,259,549,277,3,22,183,91,45,39,124,61,93,137,248,63,83,10,23,316,122,84,47,244,31,19,59,16,28,260,310,34,14,31,16
43,2002,35,111,13,295,149,14,178,14,107,528,3,98,99,31,1035,1018,636,49,341,12,65,1165,15,8,73,3,21,141,66,72,45,261,110,72,35,3,189,6,7,756,21,136,37,306,22,10,80,54,77,105,291,106,132,127,32,93,181,53,72,288,23,25,33,59,70,34,45,17,113,68,5,139,70,236,89,3210,85,305,291,113,35,45,4,318,62,6423,113,3,368,120,41,57,57,137,304,194,249,350,60,6,59,108,194,492,26,24,37,409,67,31,3,212,55,16623,29,124,74,981,10,1237,3,593,52,101,16185,2,45,66,24,73,2,505,172,478,12,15,43,10,141,81,12,8,194,42,13,14,21,273,125,114,431,55,95,9,342,62,470,154,10,53,182,69,6187,112,99,16,15,38,83,304,174,261,568,277,3,22,184,93,46,40,125,62,96,138,249,64,85,10,24,320,126,83,49,245,31,19,59,16,28,263,310,35,15,31,16
44,2003,36,111,14,298,156,15,180,14,106,539,3,98,100,31,1082,1036,638,48,343,12,67,1173,16,8,73,3,22,144,67,71,46,269,112,73,36,4,194,6,7,758,21,137,37,313,23,10,82,55,77,106,297,108,132,127,33,93,183,54,73,289,24,26,32,59,72,34,45,17,114,69,5,143,69,237,91,3256,85,306,292,116,36,46,4,323,64,6410,113,3,374,122,42,59,58,138,309,195,250,350,62,6,61,110,196,495,26,24,37,429,66,32,3,214,54,17043,30,127,75,1009,10,1246,3,598,53,101,16356,2,46,67,25,74,2,500,175,481,12,15,44,10,145,81,12,8,199,43,14,14,21,279,125,114,431,59,94,9,347,63,476,157,10,55,180,72,5990,112,99,16,16,39,85,307,176,263,589,278,3,22,186,95,47,41,126,64,98,138,250,64,86,10,26,324,130,83,52,247,32,19,60,16,29,265,310,36,15,31,16
45,2004,38,110,14,298,162,15,183,14,105,549,3,99,100,32,1137,1052,640,48,344,12,69,1180,17,8,74,3,22,149,68,71,48,278,113,74,37,4,200,6,8,761,22,138,38,321,23,10,83,57,77,106,302,109,132,127,33,94,186,55,75,291,26,27,32,60,66,34,45,17,115,70,5,148,69,237,93,3293,85,307,293,118,36,47,4,328,65,6460,113,3,380,123,42,60,59,140,315,196,252,351,63,6,63,112,197,497,27,25,36,447,66,33,3,215,54,16843,31,130,77,1038,10,1254,3,601,54,101,16527,2,46,67,25,74,2,495,177,482,13,16,45,10,149,81,13,8,203,44,14,14,22,284,125,115,431,65,93,9,352,63,482,160,11,56,179,75,6047,112,99,16,16,39,86,309,178,265,610,278,3,22,187,97,48,42,127,65,101,139,251,65,87,10,28,329,134,82,57,248,32,19,61,17,29,268,310,37,16,31,17
46,2005,39,110,14,298,168,16,185,14,105,556,3,100,102,32,1202,1068,643,48,346,12,71,1188,17,9,74,3,22,154,69,70,49,287,115,75,38,4,205,6,8,766,22,138,38,329,24,11,84,58,77,106,310,111,132,128,34,94,188,56,76,292,27,28,32,60,68,34,45,17,115,71,5,153,68,236,96,3322,85,308,293,121,37,48,4,334,67,6489,113,3,386,125,43,62,60,141,320,197,253,351,65,6,64,114,199,498,27,25,36,459,66,33,3,217,53,17245,32,134,78,1065,10,1262,3,605,55,101,16696,2,46,68,26,75,2,492,180,483,13,16,45,11,152,81,13,8,208,45,14,15,22,290,125,115,431,75,93,9,358,64,489,164,11,58,180,78,6191,112,99,17,17,39,87,312,180,268,630,278,3,22,188,100,49,43,128,67,103,140,253,65,88,10,30,333,139,81,65,250,32,19,62,17,30,270,310,38,16,31,17
47,2006,40,109,14,296,172,16,188,14,104,560,3,100,103,33,1295,1083,645,47,348,13,73,1195,17,9,74,3,23,160,70,70,51,296,116,76,39,4,211,7,8,773,22,139,39,337,25,11,85,59,77,106,318,113,133,128,34,94,191,57,77,293,28,29,32,60,70,34,45,17,116,71,6,157,68,236,98,3342,85,309,294,123,38,49,4,339,68,6531,112,3,392,127,43,63,62,143,326,198,254,351,68,6,66,116,200,500,27,25,36,465,66,35,3,219,52,17266,32,138,80,1092,11,1267,3,608,55,100,16867,2,46,69,27,75,2,491,182,484,13,16,46,11,157,81,13,8,213,46,15,15,22,295,125,115,429,88,92,9,367,64,495,168,11,59,184,81,6342,112,100,17,17,40,89,314,182,271,648,278,3,22,189,104,49,45,129,68,106,141,254,66,89,10,31,337,143,81,75,252,33,19,62,18,30,273,310,39,16,31,17
48,2007,42,108,14,292,176,17,191,15,103,562,3,100,104,34,1381,1096,648,47,351,13,75,1202,17,9,73,3,23,167,71,69,52,306,118,77,40,4,218,7,9,781,22,140,39,345,26,11,86,60,77,106,324,115,133,129,35,94,193,58,79,295,29,30,32,61,71,34,46,17,117,72,6,162,68,236,101,3352,86,309,294,126,39,50,4,345,70,6587,112,3,398,128,44,64,64,145,332,199,256,351,71,6,68,119,201,502,27,26,35,466,65,36,3,220,52,17278,33,142,81,1117,11,1271,3,611,56,100,17033,2,46,70,28,76,2,492,184,485,13,16,46,12,161,82,13,9,218,46,15,15,22,300,124,115,426,105,91,9,376,64,501,173,12,61,185,83,6602,112,100,18,18,40,91,316,184,275,664,278,3,22,191,108,50,46,130,70,109,142,255,66,90,10,32,341,148,80,87,253,33,19,63,18,31,275,310,40,17,32,17
49,2008,42,108,15,287,178,17,194,15,102,563,3,101,106,34,1467,1109,651,47,354,13,77,1209,18,9,73,3,23,174,72,69,54,316,119,79,41,4,224,7,9,790,22,141,40,353,27,12,87,62,77,106,329,117,134,129,35,94,196,59,80,296,31,30,32,61,73,34,46,17,118,72,6,167,67,236,104,3356,86,310,295,128,40,51,4,350,71,6626,112,3,404,130,44,65,65,147,338,200,257,351,74,6,70,122,202,506,28,26,35,466,65,37,3,222,51,17645,34,146,83,1145,12,1279,3,613,57,100,17204,2,46,71,28,76,2,495,186,487,13,16,47,12,165,82,13,9,223,47,15,15,22,305,124,115,424,124,89,9,386,65,507,178,12,62,189,85,6913,112,100,18,18,41,92,319,185,279,678,278,3,22,194,113,52,47,130,71,112,144,256,67,91,11,33,344,152,80,100,255,33,19,64,18,31,278,310,41,17,32,17
50,2009,43,107,15,283,180,18,197,15,101,564,3,101,108,35,1559,1121,654,47,357,14,79,1215,18,9,73,3,23,180,73,69,55,327,121,80,42,4,231,7,9,799,23,141,40,362,28,12,89,63,77,105,331,119,135,130,36,94,198,59,82,297,32,31,31,61,75,34,47,18,118,72,6,172,67,235,106,3356,86,311,295,131,41,53,4,356,73,6641,111,3,410,132,45,67,66,148,346,201,258,351,78,6,72,125,203,508,28,27,34,470,66,39,3,223,50,17844,35,150,84,1178,12,1289,3,614,58,100,17378,2,46,72,29,77,3,497,188,490,13,16,48,13,169,82,13,9,228,48,16,16,22,310,125,115,422,143,89,9,397,65,514,183,12,64,190,87,7125,112,101,18,19,42,93,321,187,282,687,278,3,23,196,115,53,49,131,72,115,144,257,68,93,11,34,347,157,79,111,257,34,19,65,19,32,281,310,43,18,32,17
51,2010,45,106,15,280,180,19,200,15,101,565,3,101,110,35,1628,1134,656,47,360,14,82,1206,18,9,72,4,23,185,74,68,57,338,122,81,43,4,236,7,9,807,23,142,41,371,28,13,90,65,77,105,335,120,136,131,36,95,201,60,83,298,34,31,31,62,78,34,47,18,119,73,6,177,66,235,109,3358,86,312,295,133,41,54,4,361,74,6690,110,3,415,133,45,68,66,149,352,202,260,351,82,6,74,127,204,510,28,27,34,484,66,40,4,225,49,18122,36,154,86,1219,12,1295,3,616,59,100,17569,2,46,72,30,77,3,500,188,493,14,17,48,13,174,82,13,10,233,49,16,16,23,315,124,115,420,160,88,9,407,66,520,188,13,66,195,89,7232,112,102,19,19,42,93,323,189,285,691,278,3,23,198,116,54,50,132,74,118,144,259,68,94,11,34,351,162,79,120,259,34,19,67,19,32,284,310,44,18,33,17
52,2011,46,106,15,279,178,19,203,15,101,567,3,102,111,36,1666,1147,658,47,365,14,84,1196,18,9,72,4,24,189,75,68,59,349,124,82,44,4,241,7,10,813,23,143,41,380,29,13,91,66,76,105,340,122,136,131,37,95,203,61,85,300,35,32,31,62,80,34,47,18,119,73,7,183,66,230,112,3361,86,314,296,136,42,56,4,366,76,6735,110,3,421,135,46,71,66,149,359,202,261,351,86,6,76,129,205,514,29,28,33,509,66,42,4,227,48,18422,37,159,87,1268,13,1301,3,617,60,100,17772,2,46,73,31,78,3,503,189,495,14,17,49,14,179,82,14,11,238,50,17,16,23,321,124,115,415,175,88,9,417,66,528,192,13,68,190,91,7363,112,102,19,20,43,94,325,190,288,749,278,3,23,200,115,55,52,132,75,121,144,260,69,95,11,35,354,167,79,126,261,34,19,69,20,33,287,309,45,19,33,17
53,2012,48,106,16,278,175,20,205,15,101,570,3,102,112,36,1688,1160,660,47,367,15,86,1200,18,10,70,4,24,191,76,67,61,360,125,84,45,4,246,7,10,818,23,143,42,389,30,13,92,68,76,106,343,123,136,140,37,95,206,62,87,301,37,32,31,63,82,34,47,18,120,73,7,188,65,231,114,3365,86,316,296,138,43,57,4,372,77,6810,110,3,426,137,46,73,67,148,366,202,262,350,91,6,78,131,206,516,29,28,33,541,66,43,4,229,48,18864,38,163,88,1324,13,1313,4,619,60,100,17987,2,46,74,32,79,3,514,188,497,14,17,50,14,184,82,14,11,243,51,17,16,23,326,124,115,410,189,87,9,428,67,535,196,14,70,192,93,7525,112,102,20,20,44,94,326,192,290,740,278,3,23,202,111,56,53,133,76,125,143,262,70,97,11,36,358,172,79,129,263,34,19,70,20,33,290,309,46,19,34,17
54,2013,49,106,16,279,172,21,208,15,102,573,3,103,114,37,1708,1174,661,47,369,15,89,1204,19,10,69,4,24,192,77,67,62,372,127,85,47,4,250,7,10,823,24,144,42,398,31,14,93,69,76,108,346,124,136,140,38,95,208,63,89,302,38,32,30,63,84,34,47,18,121,74,7,194,65,231,117,3369,85,318,297,140,44,59,4,377,79,6837,109,3,431,139,47,76,67,147,372,205,264,350,96,6,80,133,207,518,30,28,32,578,67,44,4,231,47,19055,39,168,90,1385,13,1331,4,620,61,100,18205,2,46,76,33,79,3,541,188,499,14,17,50,15,189,82,14,12,248,52,17,16,23,332,124,114,405,201,87,9,438,67,543,200,14,72,196,95,7637,113,102,20,21,44,93,328,194,291,729,279,4,24,205,107,58,55,133,78,128,141,264,71,99,11,37,362,178,79,130,265,35,19,71,21,34,293,309,48,20,35,18
55,2014,51,105,16,279,169,22,210,16,102,577,3,104,115,37,1733,1187,662,47,370,15,91,1206,19,10,68,4,24,193,78,67,64,383,129,87,48,4,254,7,11,829,24,145,42,408,33,14,94,71,75,109,351,125,136,141,39,95,210,64,91,304,40,33,30,64,87,34,47,18,121,74,7,200,65,232,120,3372,85,320,298,143,45,60,4,383,80,6885,108,3,436,141,48,79,68,146,380,207,265,349,100,6,82,135,208,521,30,29,32,612,67,45,4,233,47,19479,41,173,91,1450,14,1358,4,621,62,100,18412,2,46,77,33,80,3,593,188,501,15,17,51,15,194,82,14,13,253,53,18,17,24,337,124,114,399,214,87,9,449,68,549,204,14,74,199,97,7715,113,102,21,21,45,93,331,195,292,720,279,4,24,207,102,59,56,134,79,131,140,266,71,100,12,37,366,184,78,130,267,35,19,72,22,34,296,308,49,21,35,18
56,2015,53,105,17,279,166,22,213,16,103,580,3,105,117,37,1763,1200,664,47,372,16,94,1208,19,10,67,4,24,194,79,66,66,396,130,88,49,4,257,7,11,835,24,145,43,418,34,14,95,73,74,109,356,126,137,142,39,95,213,65,93,305,42,33,30,64,89,34,48,18,122,75,8,206,65,234,122,3374,84,322,300,145,47,62,4,388,81,6944,108,3,441,143,48,82,68,146,387,206,267,349,104,6,84,137,209,524,31,29,32,639,68,46,4,234,46,19805,42,178,92,1516,14,1391,4,622,63,99,18608,2,46,78,34,81,3,624,188,503,15,17,52,16,199,82,14,14,259,54,18,17,24,342,124,113,392,223,86,9,461,68,555,208,15,76,203,99,7807,113,102,22,22,46,93,339,197,294,717,280,4,24,210,98,61,58,134,80,135,140,267,72,102,12,38,370,191,78,130,269,35,19,71,22,34,299,308,50,21,36,18
57,2016,54,105,17,279,164,23,215,16,103,583,3,106,118,38,1830,1214,665,47,374,16,96,1195,19,10,66,4,25,196,80,66,68,408,132,89,51,4,261,7,12,843,24,146,43,428,35,15,96,75,74,109,360,127,137,143,40,95,215,66,95,307,43,33,30,65,92,35,48,18,122,75,8,212,65,236,125,3374,84,324,302,148,48,63,4,393,83,6987,108,3,445,139,49,84,69,146,395,206,268,348,108,7,86,139,210,525,32,30,32,656,68,48,4,235,46,20093,43,182,93,1585,15,1423,4,622,63,98,18781,2,46,79,35,81,3,652,190,506,15,18,52,16,204,83,14,14,264,54,18,17,24,348,124,113,384,231,86,9,473,69,558,212,15,78,206,102,7909,113,103,22,23,46,93,343,199,295,721,281,4,24,212,95,62,60,135,82,138,140,269,73,104,12,38,374,198,78,132,271,35,20,72,23,34,302,307,51,22,36,18
58,2017,56,105,17,278,164,24,217,16,103,585,3,107,119,38,1915,1227,666,47,376,16,99,1183,20,10,65,4,25,197,81,65,70,422,133,91,52,4,264,7,12,852,25,147,44,437,36,15,97,77,73,109,361,128,137,144,41,95,218,68,97,308,45,34,30,65,94,35,48,18,122,75,8,219,65,237,128,3373,83,326,304,150,49,65,4,398,84,7040,107,3,450,141,50,87,70,147,403,206,270,348,110,7,88,141,211,527,32,30,31,666,69,49,4,236,45,20214,44,187,95,1655,15,1462,4,623,64,96,18940,2,46,80,36,82,3,644,193,509,15,18,53,17,210,83,14,15,270,55,19,17,25,353,124,112,375,237,85,9,486,69,561,216,15,80,208,104,7916,113,103,23,23,47,93,346,200,297,731,282,4,25,214,93,64,62,135,84,142,142,270,74,105,12,39,379,205,77,134,273,36,20,74,23,33,305,306,53,23,37,18
59,2018,57,105,18,277,164,25,219,16,104,588,3,107,120,39,2012,1240,667,47,377,17,102,1184,20,10,65,4,25,199,81,65,72,435,135,92,53,4,267,7,12,861,25,148,45,447,37,15,98,79,72,109,360,129,138,145,41,96,220,69,99,310,47,34,30,66,97,35,48,18,122,79,8,225,65,237,131,3372,83,328,307,153,51,67,4,404,86,7096,107,3,455,143,50,89,71,148,410,203,271,347,112,7,90,143,212,529,33,31,31,669,69,50,4,237,45,19199,45,192,96,1719,16,1514,4,623,65,94,19083,2,46,81,38,82,3,635,196,512,16,18,54,18,215,83,15,16,275,56,19,18,25,358,124,112,360,242,85,9,499,69,563,220,16,82,210,106,7953,113,103,23,24,48,94,350,202,298,745,283,4,25,215,92,66,64,136,85,145,143,271,74,107,12,40,384,213,77,136,275,36,20,75,24,33,308,306,54,23,37,18
60,2019,57,105,18,277,164,25,219,16,104,588,3,107,120,39,2012,1240,667,47,377,17,102,1184,20,10,65,4,25,199,81,65,72,435,135,92,53,4,267,7,12,861,25,148,45,447,37,15,98,79,72,109,360,129,138,145,41,96,220,69,99,310,47,34,30,66,97,35,48,18,122,79,8,225,65,237,131,3372,83,328,307,153,51,67,4,404,86,7096,107,3,455,143,50,89,71,148,410,203,271,347,112,7,90,143,212,529,33,31,31,669,69,50,4,237,45,19199,45,192,96,1719,16,1514,4,623,65,94,19083,2,46,81,38,82,3,635,196,512,16,18,54,18,215,83,15,16,275,56,19,18,25,358,124,112,360,242,85,9,499,69,563,220,16,82,210,106,7953,113,103,23,24,48,94,350,202,298,745,283,4,25,215,92,66,64,136,85,145,143,271,74,107,12,40,384,213,77,136,275,36,20,75,24,33,308,306,54,23,37,18
